frame_index,timestamp_sec,detected,arousal,valence,intensity,emotion_label
4,0.13346666666666668,True,0.201,-0.072,0.214,Slightly tensed
8,0.26693333333333336,True,0.388,-0.165,0.422,Moderately tensed
12,0.40040000000000003,True,0.396,-0.414,0.573,Very afraid
16,0.5338666666666667,True,0.662,-0.047,0.664,Very aroused
20,0.6673333333333333,True,0.408,0.187,0.449,Moderately excited
24,0.8008000000000001,True,0.601,0.048,0.603,Very astonished
28,0.9342666666666667,True,0.315,0.397,0.507,Moderately delighted
40,1.3346666666666667,True,0.264,0.099,0.282,Slightly excited
44,1.4681333333333333,True,0.48,-0.053,0.483,Moderately aroused
48,1.6016000000000001,True,0.422,0.271,0.502,Moderately delighted
52,1.7350666666666668,True,0.456,0.174,0.488,Moderately excited
56,1.8685333333333334,True,0.39,0.106,0.404,Moderately excited
60,2.0020000000000002,True,0.37,0.518,0.637,Very delighted
64,2.135466666666667,True,0.652,0.714,0.967,Extremely delighted
68,2.2689333333333335,True,0.495,0.428,0.654,Very delighted
72,2.4024,True,0.893,0.217,0.919,Extremely excited
76,2.5358666666666667,True,0.831,0.2,0.855,Extremely excited
80,2.6693333333333333,True,0.453,0.28,0.533,Moderately delighted
84,2.8028,True,0.37,0.006,0.37,Moderately astonished
88,2.9362666666666666,True,0.594,-0.388,0.709,Very alarmed
92,3.069733333333333,True,0.444,-0.212,0.492,Moderately alarmed
96,3.2032000000000003,True,0.554,-0.325,0.642,Very alarmed
100,3.336666666666667,True,0.593,-0.266,0.65,Very tensed
104,3.4701333333333335,True,0.314,-0.133,0.341,Moderately tensed
108,3.6036,True,0.465,-0.126,0.482,Moderately tensed
112,3.7370666666666668,True,0.305,-0.121,0.328,Moderately tensed
116,3.8705333333333334,True,0.375,-0.216,0.433,Moderately alarmed
120,4.0040000000000004,True,0.34,-0.208,0.399,Moderately alarmed
124,4.137466666666667,True,0.376,-0.193,0.423,Moderately alarmed
128,4.270933333333334,True,0.51,-0.099,0.52,Moderately aroused
132,4.4044,True,0.193,-0.175,0.261,Slightly afraid
136,4.537866666666667,True,0.718,0.056,0.72,Very astonished
140,4.671333333333333,True,0.618,0.127,0.631,Very excited
144,4.8048,True,0.558,-0.347,0.657,Very alarmed
148,4.938266666666666,True,0.477,-0.357,0.596,Very afraid
152,5.071733333333333,True,0.394,-0.187,0.436,Moderately alarmed
156,5.2052000000000005,True,0.407,-0.648,0.765,Very annoyed
164,5.472133333333334,True,0.492,-0.23,0.543,Moderately alarmed
168,5.6056,True,0.47,-0.311,0.564,Very alarmed
172,5.739066666666667,True,0.344,-0.438,0.557,Very annoyed
176,5.872533333333333,True,0.264,-0.45,0.522,Moderately distressed
180,6.006,True,0.3,-0.595,0.666,Very distressed
184,6.139466666666666,True,0.328,-0.389,0.509,Moderately annoyed
188,6.2729333333333335,True,0.387,-0.252,0.462,Moderately alarmed
192,6.4064000000000005,True,0.465,-0.146,0.487,Moderately tensed
196,6.539866666666667,True,0.258,-0.153,0.3,Slightly alarmed
200,6.673333333333334,True,0.325,-0.307,0.447,Moderately afraid
204,6.8068,True,0.365,-0.161,0.399,Moderately tensed
208,6.940266666666667,True,0.428,-0.435,0.61,Very afraid
212,7.073733333333333,True,0.216,-0.098,0.237,Slightly tensed
220,7.3406666666666665,True,0.362,-0.163,0.397,Moderately tensed
224,7.4741333333333335,True,0.37,-0.097,0.383,Moderately tensed
228,7.6076,True,0.554,-0.131,0.569,Very aroused
232,7.741066666666667,True,0.493,-0.139,0.512,Moderately tensed
236,7.874533333333334,True,0.511,-0.021,0.511,Moderately astonished
240,8.008000000000001,True,0.259,-0.152,0.3,Slightly alarmed
244,8.141466666666666,True,0.305,-0.32,0.442,Moderately afraid
248,8.274933333333333,True,0.359,-0.32,0.481,Moderately afraid
252,8.4084,True,0.325,-0.167,0.365,Moderately alarmed
256,8.541866666666667,True,0.461,-0.104,0.473,Moderately aroused
260,8.675333333333333,True,0.39,-0.199,0.438,Moderately alarmed
264,8.8088,True,0.4,-0.279,0.488,Moderately alarmed
268,8.942266666666667,True,0.342,-0.308,0.46,Moderately afraid
272,9.075733333333334,True,0.474,-0.343,0.585,Very alarmed
276,9.209200000000001,True,0.382,-0.268,0.467,Moderately alarmed
280,9.342666666666666,True,0.391,-0.195,0.437,Moderately alarmed
284,9.476133333333333,True,0.367,-0.179,0.408,Moderately alarmed
288,9.6096,True,0.396,-0.287,0.489,Moderately alarmed
292,9.743066666666667,True,0.375,-0.253,0.452,Moderately alarmed
296,9.876533333333333,True,0.386,-0.385,0.545,Moderately afraid
300,10.01,True,0.247,-0.073,0.258,Slightly tensed
304,10.143466666666667,True,0.407,-0.35,0.537,Moderately afraid
308,10.276933333333334,True,0.271,-0.134,0.302,Slightly alarmed
312,10.410400000000001,True,0.363,-0.222,0.426,Moderately alarmed
316,10.543866666666666,True,0.437,-0.389,0.585,Very afraid
320,10.677333333333333,True,0.257,-0.473,0.538,Moderately distressed
324,10.8108,True,0.268,-0.172,0.318,Slightly alarmed
328,10.944266666666667,True,0.377,-0.287,0.474,Moderately afraid
332,11.077733333333333,True,0.211,-0.297,0.364,Moderately annoyed
336,11.2112,True,0.249,-0.335,0.417,Moderately annoyed
340,11.344666666666667,True,0.374,-0.335,0.502,Moderately afraid
344,11.478133333333334,True,0.246,-0.283,0.375,Moderately annoyed
348,11.611600000000001,True,0.381,-0.405,0.556,Very afraid
352,11.745066666666666,True,0.389,-0.333,0.512,Moderately afraid
356,11.878533333333333,True,0.477,-0.146,0.499,Moderately tensed
360,12.012,True,0.299,-0.095,0.314,Slightly tensed
364,12.145466666666668,True,0.274,-0.087,0.287,Slightly tensed
368,12.278933333333333,True,0.298,0.043,0.301,Slightly astonished
372,12.4124,True,0.235,-0.133,0.27,Slightly alarmed
376,12.545866666666667,True,0.261,-0.074,0.271,Slightly tensed
380,12.679333333333334,True,0.443,-0.055,0.446,Moderately aroused
384,12.812800000000001,True,0.446,-0.245,0.509,Moderately alarmed
388,12.946266666666666,True,0.318,-0.195,0.373,Moderately alarmed
392,13.079733333333333,True,0.414,-0.004,0.414,Moderately astonished
396,13.2132,True,0.379,-0.088,0.389,Moderately aroused
400,13.346666666666668,True,0.317,-0.234,0.394,Moderately afraid
404,13.480133333333333,True,0.277,-0.388,0.477,Moderately annoyed
408,13.6136,True,0.393,-0.386,0.551,Very afraid
412,13.747066666666667,True,0.401,-0.465,0.614,Very annoyed
416,13.880533333333334,True,0.354,-0.155,0.386,Moderately tensed
420,14.014000000000001,True,0.246,-0.262,0.359,Moderately afraid
424,14.147466666666666,True,0.328,-0.156,0.363,Moderately alarmed
428,14.280933333333333,True,0.13,-0.077,0.151,Slightly alarmed
432,14.4144,True,0.422,-0.008,0.422,Moderately astonished
436,14.547866666666668,True,0.399,-0.164,0.431,Moderately tensed
440,14.681333333333333,True,0.31,-0.061,0.316,Slightly aroused
444,14.8148,True,0.235,-0.143,0.275,Slightly alarmed
448,14.948266666666667,True,0.118,-0.183,0.218,Slightly annoyed
452,15.081733333333334,True,0.152,0.097,0.18,Slightly delighted
456,15.2152,True,0.247,-0.236,0.342,Moderately afraid
460,15.348666666666666,True,0.364,-0.061,0.369,Moderately aroused
464,15.482133333333334,True,0.158,0.082,0.178,Slightly excited
468,15.6156,True,0.39,0.081,0.398,Moderately excited
472,15.749066666666668,True,0.309,0.386,0.494,Moderately delighted
476,15.882533333333333,True,0.379,0.321,0.497,Moderately delighted
480,16.016000000000002,True,0.221,-0.21,0.305,Slightly afraid
484,16.149466666666665,True,0.372,-0.15,0.401,Moderately tensed
488,16.282933333333332,True,0.452,-0.127,0.47,Moderately tensed
492,16.4164,True,0.495,-0.077,0.501,Moderately aroused
496,16.549866666666667,True,0.162,-0.172,0.236,Slightly afraid
500,16.683333333333334,True,0.362,0.051,0.366,Moderately astonished
504,16.8168,True,0.194,0.312,0.367,Moderately happy
508,16.950266666666668,True,0.111,0.063,0.128,Slightly delighted
512,17.083733333333335,True,0.063,-0.066,0.091, Neutral
516,17.217200000000002,True,0.118,-0.029,0.122,Slightly aroused
520,17.350666666666665,True,0.204,-0.026,0.206,Slightly aroused
524,17.484133333333332,True,0.2,0.065,0.21,Slightly excited
528,17.6176,True,0.316,0.057,0.321,Slightly astonished
532,17.751066666666667,True,0.156,0.221,0.271,Slightly delighted
536,17.884533333333334,True,0.419,0.19,0.46,Moderately excited
540,18.018,True,0.285,0.053,0.29,Slightly astonished
544,18.151466666666668,True,0.165,0.226,0.28,Slightly delighted
548,18.284933333333335,True,0.197,0.076,0.211,Slightly excited
552,18.418400000000002,True,0.273,0.282,0.392,Moderately delighted
556,18.551866666666665,True,0.228,0.122,0.259,Slightly delighted
560,18.685333333333332,True,0.18,0.055,0.188,Slightly excited
564,18.8188,True,0.552,0.075,0.557,Very astonished
568,18.952266666666667,True,0.147,-0.073,0.164,Slightly alarmed
572,19.085733333333334,True,0.297,-0.014,0.297,Slightly astonished
576,19.2192,True,0.269,-0.177,0.322,Slightly alarmed
580,19.352666666666668,True,0.061,0.029,0.068, Neutral
584,19.486133333333335,True,0.108,-0.062,0.125,Slightly alarmed
588,19.619600000000002,True,0.159,-0.108,0.192,Slightly alarmed
592,19.753066666666665,True,0.105,-0.007,0.105,Slightly aroused
596,19.886533333333333,True,0.17,-0.053,0.178,Slightly tensed
600,20.02,True,0.152,-0.092,0.178,Slightly alarmed
604,20.153466666666667,True,0.137,-0.064,0.151,Slightly alarmed
608,20.286933333333334,True,0.144,-0.12,0.187,Slightly afraid
612,20.4204,True,0.135,0.062,0.149,Slightly excited
616,20.553866666666668,True,0.205,-0.019,0.206,Slightly aroused
620,20.687333333333335,True,0.259,0.252,0.361,Moderately delighted
624,20.820800000000002,True,0.02,0.027,0.034, Neutral
628,20.954266666666665,True,0.108,0.258,0.28,Slightly happy
632,21.087733333333333,True,0.309,0.229,0.385,Moderately delighted
636,21.2212,True,0.324,-0.124,0.347,Moderately tensed
640,21.354666666666667,True,0.305,-0.125,0.33,Moderately tensed
644,21.488133333333334,True,0.312,-0.113,0.332,Moderately tensed
648,21.6216,True,0.377,0.284,0.472,Moderately delighted
652,21.755066666666668,True,0.273,0.023,0.274,Slightly astonished
656,21.888533333333335,True,0.261,-0.144,0.298,Slightly alarmed
660,22.022000000000002,True,0.275,0.135,0.306,Slightly excited
664,22.155466666666666,True,0.384,0.141,0.409,Moderately excited
668,22.288933333333333,True,0.42,0.026,0.421,Moderately astonished
672,22.4224,True,0.302,-0.21,0.368,Moderately alarmed
676,22.555866666666667,True,0.275,0.034,0.277,Slightly astonished
680,22.689333333333334,True,0.318,-0.054,0.323,Slightly aroused
684,22.8228,True,0.204,0.022,0.205,Slightly astonished
688,22.956266666666668,True,0.315,-0.136,0.343,Moderately tensed
692,23.089733333333335,True,0.298,-0.038,0.3,Slightly aroused
696,23.223200000000002,True,0.387,0.042,0.389,Moderately astonished
700,23.356666666666666,True,0.471,-0.115,0.485,Moderately aroused
704,23.490133333333333,True,0.415,-0.006,0.415,Moderately astonished
708,23.6236,True,0.386,0.15,0.414,Moderately excited
712,23.757066666666667,True,0.305,-0.118,0.327,Moderately tensed
716,23.890533333333334,True,0.365,-0.009,0.365,Moderately astonished
720,24.024,True,0.188,-0.132,0.23,Slightly alarmed
724,24.157466666666668,True,0.202,0.081,0.218,Slightly excited
728,24.290933333333335,True,0.361,0.149,0.391,Moderately excited
732,24.424400000000002,True,0.153,0.111,0.189,Slightly delighted
736,24.557866666666666,True,0.347,0.057,0.352,Moderately astonished
740,24.691333333333333,True,0.183,0.04,0.187,Slightly excited
744,24.8248,True,0.19,-0.079,0.206,Slightly tensed
748,24.958266666666667,True,0.185,-0.037,0.189,Slightly aroused
752,25.091733333333334,True,0.145,0.166,0.22,Slightly delighted
756,25.2252,True,0.092,-0.03,0.097, Neutral
760,25.358666666666668,True,0.052,0.277,0.282,Slightly pleased
764,25.492133333333335,True,0.106,-0.061,0.122,Slightly alarmed
768,25.625600000000002,True,0.085,-0.097,0.129,Slightly annoyed
772,25.759066666666666,True,0.148,0.18,0.233,Slightly delighted
776,25.892533333333333,True,0.187,-0.19,0.267,Slightly afraid
780,26.026,True,0.151,-0.017,0.152,Slightly aroused
784,26.159466666666667,True,0.028,0.037,0.046, Neutral
788,26.292933333333334,True,0.116,0.07,0.135,Slightly delighted
808,26.960266666666666,True,0.195,0.007,0.195,Slightly astonished
812,27.093733333333333,True,0.032,-0.048,0.058, Neutral
816,27.2272,True,0.036,-0.134,0.139,Slightly frustrated
820,27.360666666666667,True,0.072,-0.025,0.076, Neutral
824,27.494133333333334,True,0.092,0.045,0.102,Slightly excited
828,27.6276,True,0.131,-0.308,0.335,Moderately distressed
832,27.761066666666668,True,0.129,0.032,0.133,Slightly excited
836,27.894533333333335,True,0.099,0.059,0.115,Slightly delighted
840,28.028000000000002,True,0.115,-0.018,0.116,Slightly aroused
844,28.161466666666666,True,0.127,0.275,0.303,Slightly happy
848,28.294933333333333,True,0.219,0.147,0.264,Slightly delighted
852,28.4284,True,0.161,0.132,0.208,Slightly delighted
856,28.561866666666667,True,0.095,-0.057,0.111,Slightly alarmed
860,28.695333333333334,True,0.102,0.183,0.21,Slightly happy
864,28.8288,True,0.114,0.077,0.138,Slightly delighted
868,28.962266666666668,True,0.16,0.197,0.254,Slightly delighted
872,29.095733333333335,True,0.066,0.044,0.079, Neutral
876,29.229200000000002,True,0.147,0.032,0.15,Slightly excited
880,29.362666666666666,True,0.109,-0.122,0.164,Slightly annoyed
884,29.496133333333333,True,0.156,0.025,0.158,Slightly astonished
888,29.6296,True,0.227,0.212,0.311,Slightly delighted
892,29.763066666666667,True,0.174,0.139,0.223,Slightly delighted
896,29.896533333333334,True,0.06,-0.238,0.245,Slightly frustrated
900,30.03,True,0.204,0.03,0.206,Slightly astonished
904,30.163466666666668,True,0.433,0.146,0.457,Moderately excited
908,30.296933333333335,True,0.237,0.063,0.245,Slightly excited
912,30.4304,True,0.173,-0.083,0.192,Slightly alarmed
916,30.563866666666666,True,0.167,-0.094,0.192,Slightly alarmed
920,30.697333333333333,True,0.228,0.02,0.229,Slightly astonished
924,30.8308,True,0.124,-0.092,0.154,Slightly afraid
928,30.964266666666667,True,0.295,0.168,0.339,Moderately delighted
932,31.097733333333334,True,0.439,0.187,0.477,Moderately excited
936,31.2312,True,0.133,-0.027,0.136,Slightly aroused
940,31.36466666666667,True,0.094,0.101,0.138,Slightly delighted
944,31.498133333333335,True,0.085,0.181,0.2,Slightly happy
948,31.6316,True,0.036,0.082,0.09, Neutral
952,31.765066666666666,True,0.222,-0.015,0.223,Slightly aroused
956,31.898533333333333,True,0.061,-0.019,0.064, Neutral
960,32.032000000000004,True,0.072,0.059,0.093, Neutral
964,32.16546666666667,True,0.157,0.161,0.225,Slightly delighted
968,32.29893333333333,True,0.282,0.312,0.421,Moderately delighted
972,32.4324,True,0.094,0.004,0.094, Neutral
976,32.565866666666665,True,0.321,-0.138,0.349,Moderately tensed
980,32.699333333333335,True,0.177,0.151,0.233,Slightly delighted
984,32.8328,True,0.292,-0.266,0.395,Moderately afraid
988,32.96626666666667,True,0.25,0.124,0.279,Slightly excited
992,33.09973333333333,True,0.126,-0.106,0.165,Slightly afraid
996,33.233200000000004,True,0.118,0.143,0.185,Slightly delighted
1000,33.36666666666667,True,0.189,0.163,0.25,Slightly delighted
1004,33.50013333333333,True,0.144,0.069,0.16,Slightly excited
1008,33.6336,True,0.195,0.436,0.478,Moderately happy
1012,33.767066666666665,True,0.251,-0.134,0.285,Slightly alarmed
1016,33.900533333333335,True,0.188,0.075,0.202,Slightly excited
1020,34.034,True,0.307,-0.161,0.347,Moderately alarmed
1024,34.16746666666667,True,0.187,-0.07,0.2,Slightly tensed
1028,34.30093333333333,True,0.254,-0.148,0.294,Slightly alarmed
1032,34.434400000000004,True,0.363,-0.116,0.381,Moderately tensed
1036,34.56786666666667,True,0.186,-0.233,0.298,Slightly annoyed
1040,34.70133333333333,True,0.239,0.132,0.273,Slightly delighted
1044,34.8348,True,0.171,0.05,0.178,Slightly excited
1048,34.968266666666665,True,0.216,-0.062,0.225,Slightly tensed
1052,35.101733333333335,True,0.074,0.025,0.078, Neutral
1060,35.36866666666667,True,0.156,0.062,0.168,Slightly excited
1064,35.50213333333333,True,0.106,-0.04,0.113,Slightly tensed
1068,35.635600000000004,True,0.218,0.43,0.482,Moderately happy
1072,35.76906666666667,True,0.227,0.302,0.378,Moderately delighted
1076,35.90253333333333,True,0.401,-0.065,0.406,Moderately aroused
1080,36.036,True,0.245,0.065,0.253,Slightly excited
1084,36.169466666666665,True,0.229,0.422,0.48,Moderately happy
1088,36.302933333333335,True,0.189,0.2,0.275,Slightly delighted
1092,36.4364,True,0.174,0.098,0.2,Slightly delighted
1096,36.56986666666667,True,0.313,0.298,0.432,Moderately delighted
1100,36.70333333333333,True,0.385,0.158,0.416,Moderately excited
1104,36.836800000000004,True,0.345,-0.085,0.355,Moderately aroused
1108,36.97026666666667,True,0.146,0.052,0.155,Slightly excited
1112,37.10373333333333,True,0.444,0.064,0.449,Moderately astonished
1116,37.2372,True,0.293,-0.013,0.293,Slightly astonished
1120,37.370666666666665,True,0.505,0.16,0.53,Moderately excited
1124,37.504133333333336,True,0.406,0.127,0.425,Moderately excited
1128,37.6376,True,0.326,0.425,0.536,Moderately delighted
1132,37.77106666666667,True,0.341,0.132,0.366,Moderately excited
1136,37.90453333333333,True,0.215,0.17,0.274,Slightly delighted
1140,38.038000000000004,True,0.471,0.129,0.488,Moderately excited
1144,38.17146666666667,True,0.276,0.22,0.353,Moderately delighted
1148,38.30493333333333,True,0.264,0.19,0.325,Moderately delighted
1152,38.4384,True,0.402,0.071,0.408,Moderately astonished
1156,38.571866666666665,True,0.206,-0.043,0.21,Slightly aroused
1160,38.705333333333336,True,0.156,0.066,0.169,Slightly excited
1164,38.8388,True,0.135,0.021,0.137,Slightly astonished
1168,38.97226666666667,True,0.29,0.089,0.303,Slightly excited
1172,39.10573333333333,True,0.276,0.154,0.316,Slightly delighted
1176,39.239200000000004,True,0.223,-0.037,0.226,Slightly aroused
1180,39.37266666666667,True,0.168,0.168,0.238,Slightly delighted
1184,39.50613333333333,True,0.377,0.242,0.448,Moderately delighted
1188,39.6396,True,0.263,0.321,0.415,Moderately delighted
1196,39.906533333333336,True,0.362,0.05,0.365,Moderately astonished
1200,40.04,True,0.278,0.138,0.31,Slightly excited
1204,40.17346666666667,True,0.298,-0.081,0.309,Slightly tensed
1208,40.30693333333333,True,0.32,0.336,0.464,Moderately delighted
1212,40.440400000000004,True,0.156,0.161,0.224,Slightly delighted
1216,40.57386666666667,True,0.252,-0.015,0.252,Slightly aroused
1220,40.70733333333333,True,0.244,0.471,0.53,Moderately happy
1224,40.8408,True,0.455,0.074,0.461,Moderately astonished
1228,40.974266666666665,True,0.322,-0.164,0.361,Moderately alarmed
1232,41.107733333333336,True,0.362,-0.071,0.369,Moderately aroused
1236,41.2412,True,0.219,-0.248,0.331,Moderately annoyed
1240,41.37466666666667,True,0.24,0.112,0.265,Slightly excited
1244,41.50813333333333,True,0.279,-0.14,0.312,Slightly alarmed
1248,41.641600000000004,True,0.268,-0.121,0.294,Slightly tensed
1252,41.77506666666667,True,0.132,0.056,0.143,Slightly excited
1256,41.90853333333333,True,0.124,-0.188,0.225,Slightly annoyed
1260,42.042,True,0.301,0.039,0.304,Slightly astonished
1264,42.175466666666665,True,0.29,0.074,0.299,Slightly excited
1268,42.308933333333336,True,0.26,0.319,0.412,Moderately delighted
1272,42.4424,True,0.462,-0.117,0.477,Moderately tensed
1276,42.57586666666667,True,0.476,-0.116,0.49,Moderately aroused
1280,42.70933333333333,True,0.297,-0.257,0.393,Moderately afraid
1284,42.842800000000004,True,0.414,0.071,0.42,Moderately astonished
1288,42.97626666666667,True,0.312,0.522,0.608,Very happy
1292,43.10973333333333,True,0.173,0.186,0.254,Slightly delighted
1296,43.2432,True,0.187,0.08,0.203,Slightly excited
1300,43.376666666666665,True,0.305,-0.048,0.309,Slightly aroused
1304,43.510133333333336,True,0.164,0.135,0.212,Slightly delighted
1308,43.6436,True,0.126,0.131,0.182,Slightly delighted
1312,43.77706666666667,True,0.395,0.349,0.527,Moderately delighted
1316,43.91053333333333,True,0.317,0.012,0.317,Slightly astonished
1320,44.044000000000004,True,0.348,-0.005,0.348,Moderately astonished
1324,44.17746666666667,True,0.306,0.15,0.341,Moderately excited
1328,44.31093333333333,True,0.292,0.128,0.319,Slightly excited
1332,44.4444,True,0.238,0.134,0.273,Slightly delighted
1336,44.577866666666665,True,0.218,0.285,0.359,Moderately delighted
1340,44.711333333333336,True,0.362,0.006,0.362,Moderately astonished
1344,44.8448,True,0.185,0.227,0.293,Slightly delighted
1348,44.97826666666667,True,0.387,0.185,0.429,Moderately excited
1352,45.11173333333333,True,0.202,-0.012,0.202,Slightly aroused
1356,45.245200000000004,True,0.201,0.124,0.236,Slightly delighted
1360,45.37866666666667,True,0.257,0.276,0.377,Moderately delighted
1364,45.51213333333333,True,0.176,0.075,0.191,Slightly excited
1368,45.6456,True,0.045,0.042,0.062, Neutral
1372,45.779066666666665,True,0.197,0.16,0.254,Slightly delighted
1376,45.912533333333336,True,0.064,0.131,0.146,Slightly happy
1380,46.046,True,0.091,0.213,0.232,Slightly happy
1384,46.17946666666667,True,0.079,0.197,0.212,Slightly happy
1388,46.31293333333333,True,0.051,0.047,0.069, Neutral
1392,46.446400000000004,True,0.177,0.038,0.181,Slightly excited
1396,46.57986666666667,True,0.168,-0.062,0.179,Slightly tensed
1400,46.71333333333333,True,0.124,-0.025,0.126,Slightly aroused
1404,46.8468,True,0.512,-0.123,0.527,Moderately aroused
1408,46.980266666666665,True,0.232,0.091,0.249,Slightly excited
1412,47.113733333333336,True,0.292,-0.117,0.315,Slightly tensed
1416,47.2472,True,0.44,-0.259,0.511,Moderately alarmed
1420,47.38066666666667,True,0.129,0.05,0.138,Slightly excited
1424,47.514133333333334,True,0.335,0.177,0.379,Moderately delighted
1428,47.647600000000004,True,0.233,0.135,0.269,Slightly delighted
1432,47.78106666666667,True,0.17,0.23,0.286,Slightly delighted
1436,47.91453333333333,True,0.357,0.24,0.43,Moderately delighted
1440,48.048,True,0.479,0.379,0.611,Very delighted
1444,48.181466666666665,True,0.401,-0.104,0.414,Moderately tensed
1448,48.314933333333336,True,0.369,-0.41,0.552,Very annoyed
1452,48.4484,True,0.489,0.076,0.495,Moderately astonished
1456,48.58186666666667,True,0.299,0.22,0.371,Moderately delighted
1460,48.715333333333334,True,0.277,0.111,0.298,Slightly excited
1464,48.848800000000004,True,0.363,0.139,0.389,Moderately excited
1468,48.98226666666667,True,0.225,0.09,0.242,Slightly excited
1472,49.11573333333333,True,0.354,0.002,0.354,Moderately astonished
1476,49.2492,True,0.541,0.01,0.541,Moderately astonished
1480,49.382666666666665,True,0.253,-0.018,0.254,Slightly aroused
1484,49.516133333333336,True,0.093,0.097,0.134,Slightly delighted
1488,49.6496,True,0.162,-0.181,0.243,Slightly annoyed
1492,49.78306666666667,True,0.203,0.099,0.226,Slightly excited
1496,49.916533333333334,True,0.405,0.345,0.532,Moderately delighted
1500,50.050000000000004,True,0.439,0.263,0.512,Moderately delighted
1504,50.18346666666667,True,0.289,0.089,0.302,Slightly excited
1508,50.31693333333333,True,0.157,0.086,0.179,Slightly delighted
1512,50.4504,True,0.299,0.033,0.301,Slightly astonished
1516,50.583866666666665,True,0.3,0.044,0.303,Slightly astonished
1520,50.717333333333336,True,0.066,0.028,0.072, Neutral
1524,50.8508,True,0.133,-0.033,0.137,Slightly aroused
1528,50.98426666666667,True,0.203,-0.018,0.204,Slightly aroused
1532,51.117733333333334,True,0.293,0.067,0.301,Slightly excited
1536,51.251200000000004,True,0.326,0.053,0.33,Moderately astonished
1540,51.38466666666667,True,0.274,0.189,0.333,Moderately delighted
1544,51.51813333333333,True,0.195,0.134,0.237,Slightly delighted
1548,51.6516,True,0.153,0.414,0.441,Moderately happy
1552,51.785066666666665,True,0.274,-0.079,0.285,Slightly tensed
1556,51.918533333333336,True,0.294,-0.135,0.324,Slightly tensed
1560,52.052,True,0.236,-0.375,0.443,Moderately annoyed
1564,52.18546666666667,True,0.33,0.065,0.336,Moderately astonished
1568,52.318933333333334,True,0.329,0.466,0.57,Very delighted
1572,52.452400000000004,True,0.319,0.098,0.334,Moderately excited
1576,52.58586666666667,True,0.261,-0.034,0.263,Slightly aroused
1580,52.71933333333333,True,0.285,0.276,0.397,Moderately delighted
1584,52.8528,True,0.245,0.25,0.35,Moderately delighted
1588,52.986266666666666,True,0.259,0.399,0.476,Moderately happy
1592,53.119733333333336,True,0.263,0.103,0.282,Slightly excited
1596,53.2532,True,0.306,-0.344,0.46,Moderately annoyed
1600,53.38666666666667,True,0.271,-0.254,0.371,Moderately afraid
1604,53.520133333333334,True,0.418,-0.243,0.484,Moderately alarmed
1608,53.653600000000004,True,0.311,-0.06,0.317,Slightly aroused
1612,53.78706666666667,True,0.29,-0.203,0.354,Moderately alarmed
1616,53.92053333333333,True,0.238,-0.014,0.238,Slightly aroused
1620,54.054,True,0.392,-0.011,0.392,Moderately astonished
1624,54.187466666666666,True,0.302,-0.019,0.303,Slightly aroused
1628,54.320933333333336,True,0.454,-0.136,0.474,Moderately tensed
1632,54.4544,True,0.275,-0.29,0.4,Moderately afraid
1636,54.58786666666667,True,0.294,0.098,0.31,Slightly excited
1640,54.721333333333334,True,0.29,-0.279,0.402,Moderately afraid
1644,54.854800000000004,True,0.334,-0.029,0.335,Moderately aroused
1648,54.98826666666667,True,0.312,-0.218,0.381,Moderately alarmed
1652,55.12173333333333,True,0.49,-0.245,0.548,Moderately alarmed
1656,55.2552,True,0.498,-0.01,0.498,Moderately astonished
1660,55.388666666666666,True,0.495,-0.158,0.52,Moderately tensed
1664,55.522133333333336,True,0.331,-0.135,0.357,Moderately tensed
1668,55.6556,True,0.298,-0.139,0.329,Moderately alarmed
1672,55.78906666666667,True,0.301,0.058,0.307,Slightly astonished
1676,55.922533333333334,True,0.217,-0.132,0.254,Slightly alarmed
1680,56.056000000000004,True,0.514,-0.341,0.617,Very alarmed
1684,56.18946666666667,True,0.747,-0.303,0.806,Extremely tensed
1688,56.32293333333333,True,0.343,-0.357,0.495,Moderately afraid
1692,56.4564,True,0.359,-0.354,0.504,Moderately afraid
1696,56.589866666666666,True,0.355,-0.385,0.524,Moderately annoyed
1700,56.723333333333336,True,0.465,-0.15,0.489,Moderately tensed
1704,56.8568,True,0.476,-0.231,0.529,Moderately alarmed
1708,56.99026666666667,True,0.511,-0.014,0.511,Moderately astonished
1712,57.123733333333334,True,0.474,-0.368,0.6,Very afraid
1716,57.257200000000005,True,0.669,-0.319,0.741,Very alarmed
1720,57.39066666666667,True,0.439,-0.453,0.631,Very afraid
1724,57.52413333333333,True,0.482,-0.232,0.535,Moderately alarmed
1728,57.6576,True,0.678,-0.037,0.679,Very aroused
1732,57.791066666666666,True,0.538,-0.167,0.563,Very tensed
1736,57.924533333333336,True,0.272,-0.279,0.39,Moderately afraid
1740,58.058,True,0.248,0.06,0.255,Slightly excited
1744,58.19146666666667,True,0.304,-0.517,0.6,Very distressed
1748,58.324933333333334,True,0.44,-0.535,0.693,Very annoyed
1752,58.458400000000005,True,0.903,-0.254,0.938,Extremely tensed
1756,58.59186666666667,True,0.602,-0.453,0.753,Very afraid
1760,58.72533333333333,True,0.603,-0.285,0.667,Very alarmed
1764,58.8588,True,0.403,-0.557,0.688,Very annoyed
1768,58.992266666666666,True,0.406,-0.385,0.56,Very afraid
1784,59.526133333333334,True,0.421,-0.346,0.545,Moderately afraid
1788,59.6596,True,0.478,0.061,0.482,Moderately astonished
1792,59.79306666666667,True,0.341,-0.309,0.46,Moderately afraid
1796,59.92653333333333,True,0.226,-0.104,0.249,Slightly tensed
1836,61.2612,True,0.38,-0.032,0.381,Moderately aroused
1840,61.394666666666666,True,0.231,-0.049,0.236,Slightly aroused
1844,61.52813333333334,True,0.234,-0.166,0.287,Slightly alarmed
1864,62.19546666666667,True,0.286,0.189,0.343,Moderately delighted
1868,62.32893333333333,True,0.255,0.05,0.26,Slightly astonished
1872,62.4624,True,0.356,0.161,0.391,Moderately excited
1876,62.595866666666666,True,0.41,-0.133,0.431,Moderately tensed
1880,62.72933333333334,True,0.284,0.075,0.294,Slightly excited
1884,62.8628,True,0.288,-0.132,0.317,Slightly tensed
1888,62.99626666666667,True,0.441,-0.247,0.505,Moderately alarmed
1892,63.129733333333334,True,0.345,-0.134,0.37,Moderately tensed
1896,63.2632,True,0.337,0.249,0.419,Moderately delighted
1900,63.39666666666667,True,0.433,-0.029,0.434,Moderately aroused
1904,63.53013333333333,True,0.361,0.124,0.382,Moderately excited
1908,63.6636,True,0.136,-0.069,0.153,Slightly alarmed
1912,63.797066666666666,True,0.244,-0.095,0.262,Slightly tensed
1916,63.93053333333334,True,0.285,-0.226,0.364,Moderately afraid
